image,size,format,payload_chars,payload_tokens_o200k,native_image_tokens_claude_formula
digit_1,8,grid,71,,0.09
digit_1,8,pgm,100,,0.09
digit_1,8,pbm,20,,0.09
digit_1,8,bmp,128,,0.09
digit_1,8,png,104,,0.09
digit_1,16,grid,271,,0.34
digit_1,16,pgm,360,,0.34
digit_1,16,pbm,56,,0.34
digit_1,16,bmp,168,,0.34
digit_1,16,png,128,,0.34
digit_1,32,grid,1055,,1.37
digit_1,32,pgm,1384,,1.37
digit_1,32,pbm,184,,1.37
digit_1,32,bmp,256,,1.37
digit_1,32,png,156,,1.37
digit_7,8,grid,71,,0.09
digit_7,8,pgm,100,,0.09
digit_7,8,pbm,20,,0.09
digit_7,8,bmp,128,,0.09
digit_7,8,png,108,,0.09
digit_7,16,grid,271,,0.34
digit_7,16,pgm,360,,0.34
digit_7,16,pbm,56,,0.34
digit_7,16,bmp,168,,0.34
digit_7,16,png,140,,0.34
digit_7,32,grid,1055,,1.37
digit_7,32,pgm,1384,,1.37
digit_7,32,pbm,184,,1.37
digit_7,32,bmp,256,,1.37
digit_7,32,png,176,,1.37
digit_0,8,grid,71,,0.09
digit_0,8,pgm,100,,0.09
digit_0,8,pbm,20,,0.09
digit_0,8,bmp,128,,0.09
digit_0,8,png,100,,0.09
digit_0,16,grid,271,,0.34
digit_0,16,pgm,360,,0.34
digit_0,16,pbm,56,,0.34
digit_0,16,bmp,168,,0.34
digit_0,16,png,124,,0.34
digit_0,32,grid,1055,,1.37
digit_0,32,pgm,1384,,1.37
digit_0,32,pbm,184,,1.37
digit_0,32,bmp,256,,1.37
digit_0,32,png,168,,1.37
shape_x,8,grid,71,,0.09
shape_x,8,pgm,100,,0.09
shape_x,8,pbm,20,,0.09
shape_x,8,bmp,128,,0.09
shape_x,8,png,108,,0.09
shape_x,16,grid,271,,0.34
shape_x,16,pgm,360,,0.34
shape_x,16,pbm,56,,0.34
shape_x,16,bmp,168,,0.34
shape_x,16,png,156,,0.34
shape_x,32,grid,1055,,1.37
shape_x,32,pgm,1384,,1.37
shape_x,32,pbm,184,,1.37
shape_x,32,bmp,256,,1.37
shape_x,32,png,228,,1.37
shape_square,8,grid,71,,0.09
shape_square,8,pgm,100,,0.09
shape_square,8,pbm,20,,0.09
shape_square,8,bmp,128,,0.09
shape_square,8,png,104,,0.09
shape_square,16,grid,271,,0.34
shape_square,16,pgm,360,,0.34
shape_square,16,pbm,56,,0.34
shape_square,16,bmp,168,,0.34
shape_square,16,png,124,,0.34
shape_square,32,grid,1055,,1.37
shape_square,32,pgm,1384,,1.37
shape_square,32,pbm,184,,1.37
shape_square,32,bmp,256,,1.37
shape_square,32,png,132,,1.37
shape_diagonal,8,grid,71,,0.09
shape_diagonal,8,pgm,100,,0.09
shape_diagonal,8,pbm,20,,0.09
shape_diagonal,8,bmp,128,,0.09
shape_diagonal,8,png,108,,0.09
shape_diagonal,16,grid,271,,0.34
shape_diagonal,16,pgm,360,,0.34
shape_diagonal,16,pbm,56,,0.34
shape_diagonal,16,bmp,168,,0.34
shape_diagonal,16,png,144,,0.34
shape_diagonal,32,grid,1055,,1.37
shape_diagonal,32,pgm,1384,,1.37
shape_diagonal,32,pbm,184,,1.37
shape_diagonal,32,bmp,256,,1.37
shape_diagonal,32,png,212,,1.37
shape_circle,8,grid,71,,0.09
shape_circle,8,pgm,100,,0.09
shape_circle,8,pbm,20,,0.09
shape_circle,8,bmp,128,,0.09
shape_circle,8,png,104,,0.09
shape_circle,16,grid,271,,0.34
shape_circle,16,pgm,360,,0.34
shape_circle,16,pbm,56,,0.34
shape_circle,16,bmp,168,,0.34
shape_circle,16,png,148,,0.34
shape_circle,32,grid,1055,,1.37
shape_circle,32,pgm,1384,,1.37
shape_circle,32,pbm,184,,1.37
shape_circle,32,bmp,256,,1.37
shape_circle,32,png,224,,1.37
noise_a,8,grid,71,,0.09
noise_a,8,pgm,100,,0.09
noise_a,8,pbm,20,,0.09
noise_a,8,bmp,128,,0.09
noise_a,8,png,108,,0.09
noise_a,16,grid,271,,0.34
noise_a,16,pgm,360,,0.34
noise_a,16,pbm,56,,0.34
noise_a,16,bmp,168,,0.34
noise_a,16,png,156,,0.34
noise_a,32,grid,1055,,1.37
noise_a,32,pgm,1384,,1.37
noise_a,32,pbm,184,,1.37
noise_a,32,bmp,256,,1.37
noise_a,32,png,304,,1.37
noise_b,8,grid,71,,0.09
noise_b,8,pgm,100,,0.09
noise_b,8,pbm,20,,0.09
noise_b,8,bmp,128,,0.09
noise_b,8,png,108,,0.09
noise_b,16,grid,271,,0.34
noise_b,16,pgm,360,,0.34
noise_b,16,pbm,56,,0.34
noise_b,16,bmp,168,,0.34
noise_b,16,png,152,,0.34
noise_b,32,grid,1055,,1.37
noise_b,32,pgm,1384,,1.37
noise_b,32,pbm,184,,1.37
noise_b,32,bmp,256,,1.37
noise_b,32,png,304,,1.37
